{
  "Alta": {
    "precision": 0.33430232558139533,
    "recall": 0.34328358208955223,
    "f1-score": 0.33873343151693663,
    "support": 335.0
  },
  "Baja": {
    "precision": 0.3524804177545692,
    "recall": 0.39589442815249265,
    "f1-score": 0.3729281767955801,
    "support": 341.0
  },
  "Media": {
    "precision": 0.32234432234432236,
    "recall": 0.2716049382716049,
    "f1-score": 0.29480737018425457,
    "support": 324.0
  },
  "accuracy": 0.338,
  "macro avg": {
    "precision": 0.33637568856009564,
    "recall": 0.3369276495045499,
    "f1-score": 0.3354896594989238,
    "support": 1000.0
  },
  "weighted avg": {
    "precision": 0.33662666196363594,
    "recall": 0.338,
    "f1-score": 0.33616179578516503,
    "support": 1000.0
  }
}